{
    "kind": "Template",
    "apiVersion": "v1",
    "metadata": {
        "name": "rhel7-nodejs",
        "annotations": {
            "description": "",
            "iconClass": "icon-shadowman",
            "tags": "rhel7"
        }
    },
    "objects": [
        {
            "kind": "ImageStream",
            "apiVersion": "v1",
            "metadata": {
                "name": "${APPLICATION_NAME}",
                "labels": {
                    "application": "${APPLICATION_NAME}"
                }
            }
        },
		{
            "kind": "BuildConfig",
            "apiVersion": "v1",
            "metadata": {
                "name": "${APPLICATION_NAME}",
                "labels": {
                    "application": "${APPLICATION_NAME}"
                }
            },
            "spec": {
                "source": {
                    "type": "Binary",
                    "binary": {
                        "asFile": ""
                    }
                },
                "strategy": {
                    "type": "Docker",
                    "dockerStrategy": {
                        "from": {
                            "kind": "DockerImage",
                            "name": "njrarltcda00369.linux.us.ams1907.com/rhel7.2:latest"
                        }
                    }
                },
                "output": {
                    "to": {
                        "kind": "ImageStreamTag",
                        "name": "${APPLICATION_NAME}:latest"
                    }
                }
            }
		}
    ],
    "parameters": [
        {
            "name": "APPLICATION_NAME",
            "description": "Application Name",
            "value": "rhel7-nodejs"
        }
    ],
    "labels": {
        "template": "rhel7-nodejs"
    }
}
